{
  "search_bm25": {
    "recall":    {"5": 0.0, "10": 0.0001, "20": 0.0002},
    "precision": {"5": 1.0, "10": 1.0,    "20": 1.0},
    "mrr":       {"5": 0.5, "10": 0.5,    "20": 0.5},
    "ndcg":      {"5": 0.6608, "10": 0.7799, "20": 0.858},
    "map":       {"5": 1.0, "10": 1.0, "20": 1.0},
    "f1":        {"5": 0.0, "10": 0.0002, "20": 0.0004}
  },
  "search_vector": {
    "recall":    {"5": 0.0, "10": 0.0001, "20": 0.0002},
    "precision": {"5": 1.0, "10": 1.0,    "20": 1.0},
    "mrr":       {"5": 0.575, "10": 0.575, "20": 0.575},
    "ndcg":      {"5": 0.6796, "10": 0.7921, "20": 0.8658},
    "map":       {"5": 1.0, "10": 1.0, "20": 1.0},
    "f1":        {"5": 0.0, "10": 0.0002, "20": 0.0004}
  },
  "search_hybrid": {
    "recall":    {"5": 0.0, "10": 0.0001, "20": 0.0002},
    "precision": {"5": 1.0, "10": 1.0,    "20": 1.0},
    "mrr":       {"5": 0.575, "10": 0.575, "20": 0.575},
    "ndcg":      {"5": 0.6796, "10": 0.7921, "20": 0.8658},
    "map":       {"5": 1.0, "10": 1.0, "20": 1.0},
    "f1":        {"5": 0.0, "10": 0.0002, "20": 0.0004}
  },
  "recommendation_cold_start": {
    "precision": {"5": 0.0, "10": 0.0, "20": 0.0},
    "recall":    {"5": 0.0, "10": 0.0, "20": 0.0},
    "map":       {"5": 0.0, "10": 0.0, "20": 0.0},
    "coverage":  {"5": 0.022822699984359773, "10": 0.022822699984359773, "20": 0.022822699984359773}
  }
}
